{"initial_reset_timestamp": 1529780576.9524004, "timestamps": [1529780617.176998, 1529780657.3614004, 1529780658.8928683, 1529780660.1886406, 1529780661.5156405, 1529780662.8137927, 1529780664.1689613, 1529780665.4591012, 1529780705.5885806, 1529780707.0151916, 1529780708.3847885, 1529780709.7992601, 1529780711.0909054, 1529780712.395018, 1529780713.8053112, 1529780715.1772332, 1529780716.5432165, 1529780717.9026663, 1529780719.3641112, 1529780720.797702, 1529780722.1375773, 1529780723.5924313, 1529780725.0298193, 1529780726.467502, 1529780727.8049767, 1529780729.051809, 1529780730.427684, 1529780770.5417738, 1529780771.9116895, 1529780773.2216403, 1529780774.5630364, 1529780775.8025405, 1529780777.0770633, 1529780778.495382, 1529780779.8588362, 1529780781.1497846, 1529780782.5208766, 1529780783.774286, 1529780785.0653002, 1529780786.4402218, 1529780787.8814077, 1529780789.2494364, 1529780790.7952533, 1529780792.150085, 1529780793.490007, 1529780794.7076983, 1529780796.0614865, 1529780797.358455, 1529780798.7276764, 1529780800.095705, 1529780801.4780731, 1529780802.8814063, 1529780804.1972072, 1529780805.4720194, 1529780806.83887, 1529780808.1884506, 1529780809.4506564, 1529780810.9004953, 1529780812.2191627, 1529780813.5259223, 1529780814.9107459, 1529780816.4712956, 1529780817.898237, 1529780819.3501947, 1529780859.7421064, 1529780861.2008858, 1529780862.5252092, 1529780864.0242033, 1529780865.5131617, 1529780866.7959888, 1529780868.2042837, 1529780869.6207435, 1529780870.914249, 1529780872.2247667, 1529780873.430551, 1529780874.7712452, 1529780876.0497954, 1529780877.3961577, 1529780878.6730793, 1529780879.989637, 1529780881.2739475, 1529780882.6691027, 1529780883.9212563, 1529780885.4203293, 1529780886.7752283, 1529780888.103772, 1529780889.3911598, 1529780890.737331, 1529780892.0894587, 1529780893.4105458, 1529780894.8417687, 1529780896.0541363, 1529780897.3856094, 1529780898.7609959, 1529780900.161082, 1529780901.432626, 1529780902.7691586, 1529780904.045652, 1529780905.4591887, 1529780906.8101695, 1529780908.1445017, 1529780909.4908342, 1529780910.7942142, 1529780912.197373, 1529780913.5135493, 1529780914.8669927, 1529780916.239104, 1529780917.680064, 1529780918.9498513, 1529780920.2579362, 1529780921.589318, 1529780923.0054178, 1529780924.3384995, 1529780925.7428367, 1529780927.239408, 1529780928.6230311, 1529780929.975575, 1529780931.3463554, 1529780932.7936387, 1529780934.0723958, 1529780935.3679385, 1529780936.6047082, 1529780937.8189387, 1529780939.181157, 1529780940.560063, 1529780980.9810665, 1529780982.483551, 1529780983.882204, 1529780985.2030704, 1529780986.5832283, 1529780987.9824007, 1529780989.409134, 1529780990.6930695, 1529780992.0039883, 1529780993.2823353, 1529780994.5671568, 1529780995.973055, 1529780997.1821957, 1529780998.4999187, 1529780999.7919583, 1529781001.0788167, 1529781002.3519192, 1529781003.6576855, 1529781004.963402, 1529781006.1782598, 1529781007.5572555, 1529781008.9079585, 1529781010.1575131, 1529781011.4170156, 1529781012.689111, 1529781014.004121, 1529781015.434239, 1529781016.867215, 1529781018.2407165, 1529781019.6128726, 1529781021.0710309, 1529781022.5608327, 1529781023.989182, 1529781025.3157122, 1529781026.7144473, 1529781028.0556726, 1529781029.3943636, 1529781030.8050466, 1529781032.2360046, 1529781033.5791311, 1529781034.8213418, 1529781036.1066406, 1529781037.3932219, 1529781038.7898457, 1529781040.2542465, 1529781041.6598232, 1529781043.007426, 1529781044.3326151, 1529781045.789197, 1529781047.1148303, 1529781048.5283499, 1529781049.824832, 1529781051.2823994, 1529781052.640155, 1529781054.0588467, 1529781055.4102077, 1529781056.8148546, 1529781058.1330132, 1529781059.4464588, 1529781060.7789185, 1529781062.1606247, 1529781063.718795, 1529781065.11721, 1529781066.539962, 1529781067.9117386, 1529781069.2602992, 1529781070.6151757, 1529781071.9417257, 1529781073.2230737, 1529781074.6928413, 1529781076.0937042, 1529781077.5274556, 1529781078.907486, 1529781080.182558, 1529781081.5685916, 1529781082.924948], "episode_lengths": [1000, 1000, 1000, 1000, 1000, 1000, 1000, 1000, 1000, 1000, 1000, 1000, 1000, 1000, 1000, 1000, 1000, 1000, 1000, 1000, 1000, 1000, 1000, 1000, 1000, 1000, 1000, 1000, 1000, 1000, 1000, 1000, 1000, 1000, 1000, 1000, 1000, 1000, 1000, 1000, 1000, 1000, 1000, 1000, 1000, 1000, 1000, 1000, 1000, 1000, 1000, 1000, 1000, 1000, 1000, 1000, 1000, 1000, 1000, 1000, 1000, 1000, 1000, 1000, 1000, 1000, 1000, 1000, 1000, 1000, 1000, 1000, 1000, 1000, 1000, 1000, 1000, 1000, 1000, 1000, 1000, 1000, 1000, 1000, 1000, 1000, 1000, 1000, 1000, 1000, 1000, 1000, 1000, 1000, 1000, 1000, 1000, 1000, 1000, 1000, 1000, 1000, 1000, 1000, 1000, 1000, 1000, 1000, 1000, 1000, 1000, 1000, 1000, 1000, 1000, 1000, 1000, 1000, 1000, 1000, 1000, 1000, 1000, 1000, 1000, 1000, 1000, 1000, 1000, 1000, 1000, 1000, 1000, 1000, 1000, 1000, 1000, 1000, 1000, 1000, 1000, 1000, 1000, 1000, 1000, 1000, 1000, 1000, 1000, 1000, 1000, 1000, 1000, 1000, 1000, 1000, 1000, 1000, 1000, 1000, 1000, 1000, 1000, 1000, 1000, 1000, 1000, 1000, 1000, 1000, 1000, 1000, 1000, 1000, 1000, 1000, 1000, 1000, 1000, 1000, 1000, 1000, 1000, 1000, 1000, 1000, 1000, 1000, 1000, 1000, 1000, 1000, 1000, 1000, 1000, 1000, 1000, 1000, 1000, 1000, 1000],